Variable,Train RMSE,Test RMSE,Train MAE,Test MAE,Train R²,Test R²,Test MAPE (%)
Active Power,406.4697844704449,394.1877261842699,240.48858236784963,243.12038018528145,0.9025764368878412,0.9137309971206572,13372432764732.209
Wind Speed,1.2224774266926566,1.2108617687458314,0.8624474091529073,0.8758663071457539,0.9154141775838391,0.9200551530540904,1364803864.5749853
Theoretical Power,430.0932320667855,446.41755204610104,262.24981245076856,282.6258316166197,0.9009280976595488,0.8928271136180562,8119413065349.318
Wind Direction,43.500872537993,43.71331231383429,18.743212714880734,18.003002008433022,0.7869952406891726,0.7628936059757923,124800289067.96501
